step,type,amount,nameOrig,oldbalanceOrg,newbalanceOrig,nameDest,oldbalanceDest,newbalanceDest,isFraud,isFlaggedFraud
1,CASH_IN,500.0,C001,0.0,500.0,M001,1000.0,1500.0,0,0
2,PAYMENT,100.0,C001,500.0,400.0,M001,1500.0,1600.0,0,0
3,TRANSFER,200.0,C001,400.0,200.0,C002,0.0,200.0,0,0
4,CASH_OUT,50.0,C002,200.0,150.0,M002,300.0,350.0,0,0
5,DEBIT,25.0,C002,150.0,125.0,M003,400.0,425.0,0,0
6,PAYMENT,75.0,C003,1000.0,925.0,M001,1600.0,1675.0,0,0
7,TRANSFER,900.0,C003,925.0,25.0,C004,100.0,1000.0,1,0
8,CASH_OUT,20.0,C004,1000.0,980.0,M002,350.0,370.0,0,0
9,CASH_IN,300.0,C005,0.0,300.0,M004,50.0,350.0,0,0
10,PAYMENT,250.0,C005,300.0,50.0,M004,350.0,600.0,1,1
11,PAYMENT,110.0,C011,210.0,100.0,M011,500.0,610.0,0,0
12,TRANSFER,120.0,C012,220.0,100.0,C012D,500.0,620.0,0,0
13,CASH_OUT,130.0,C013,230.0,100.0,M013,500.0,630.0,0,0
14,DEBIT,140.0,C014,240.0,100.0,M014,500.0,640.0,0,0
15,CASH_IN,150.0,C015,0.0,150.0,M015,500.0,650.0,0,0
16,PAYMENT,160.0,C016,260.0,100.0,M016,500.0,660.0,0,0
17,TRANSFER,170.0,C017,270.0,100.0,C017D,500.0,670.0,0,0
18,CASH_OUT,180.0,C018,280.0,100.0,M018,500.0,680.0,0,0
19,DEBIT,190.0,C019,290.0,100.0,M019,500.0,690.0,0,0
20,TRANSFER,200.0,C020,300.0,100.0,C020D,500.0,700.0,1,0
21,CASH_IN,210.0,C021,0.0,210.0,M021,500.0,710.0,0,0
22,PAYMENT,220.0,C022,320.0,100.0,M022,500.0,720.0,0,0
23,TRANSFER,230.0,C023,330.0,100.0,C023D,500.0,730.0,0,0
24,CASH_OUT,240.0,C024,340.0,100.0,M024,500.0,740.0,0,0
25,DEBIT,250.0,C025,350.0,100.0,M025,500.0,750.0,0,0
26,PAYMENT,260.0,C026,360.0,100.0,M026,500.0,760.0,0,0
27,TRANSFER,270.0,C027,370.0,100.0,C027D,500.0,770.0,0,0
28,CASH_OUT,280.0,C028,380.0,100.0,M028,500.0,780.0,0,0
29,DEBIT,290.0,C029,390.0,100.0,M029,500.0,790.0,0,0
30,TRANSFER,300.0,C030,400.0,100.0,C030D,500.0,800.0,1,0
31,CASH_IN,310.0,C031,0.0,310.0,M031,500.0,810.0,0,0
32,PAYMENT,320.0,C032,420.0,100.0,M032,500.0,820.0,0,0
33,TRANSFER,330.0,C033,430.0,100.0,C033D,500.0,830.0,0,0
34,CASH_OUT,340.0,C034,440.0,100.0,M034,500.0,840.0,0,0
35,DEBIT,350.0,C035,450.0,100.0,M035,500.0,850.0,0,0
36,PAYMENT,360.0,C036,460.0,100.0,M036,500.0,860.0,0,0
37,TRANSFER,370.0,C037,470.0,100.0,C037D,500.0,870.0,0,0
38,CASH_OUT,380.0,C038,480.0,100.0,M038,500.0,880.0,0,0
39,DEBIT,390.0,C039,490.0,100.0,M039,500.0,890.0,0,0
40,TRANSFER,400.0,C040,500.0,100.0,C040D,500.0,900.0,1,0
41,CASH_IN,410.0,C041,0.0,410.0,M041,500.0,910.0,0,0
42,PAYMENT,420.0,C042,520.0,100.0,M042,500.0,920.0,0,0
43,TRANSFER,430.0,C043,530.0,100.0,C043D,500.0,930.0,0,0
44,CASH_OUT,440.0,C044,540.0,100.0,M044,500.0,940.0,0,0
45,DEBIT,450.0,C045,550.0,100.0,M045,500.0,950.0,0,0
46,PAYMENT,460.0,C046,560.0,100.0,M046,500.0,960.0,0,0
47,TRANSFER,470.0,C047,570.0,100.0,C047D,500.0,970.0,0,0
48,CASH_OUT,480.0,C048,580.0,100.0,M048,500.0,980.0,0,0
49,DEBIT,490.0,C049,590.0,100.0,M049,500.0,990.0,0,0
50,TRANSFER,500.0,C050,600.0,100.0,C050D,500.0,1000.0,1,1
51,CASH_IN,510.0,C051,0.0,510.0,M051,500.0,1010.0,0,0
52,PAYMENT,520.0,C052,620.0,100.0,M052,500.0,1020.0,0,0
53,TRANSFER,530.0,C053,630.0,100.0,C053D,500.0,1030.0,0,0
54,CASH_OUT,540.0,C054,640.0,100.0,M054,500.0,1040.0,0,0
55,DEBIT,550.0,C055,650.0,100.0,M055,500.0,1050.0,0,0
56,PAYMENT,560.0,C056,660.0,100.0,M056,500.0,1060.0,0,0
57,TRANSFER,570.0,C057,670.0,100.0,C057D,500.0,1070.0,0,0
58,CASH_OUT,580.0,C058,680.0,100.0,M058,500.0,1080.0,0,0
59,DEBIT,590.0,C059,690.0,100.0,M059,500.0,1090.0,0,0
60,TRANSFER,600.0,C060,700.0,100.0,C060D,500.0,1100.0,1,0
61,CASH_IN,610.0,C061,0.0,610.0,M061,500.0,1110.0,0,0
62,PAYMENT,620.0,C062,720.0,100.0,M062,500.0,1120.0,0,0
63,TRANSFER,630.0,C063,730.0,100.0,C063D,500.0,1130.0,0,0
64,CASH_OUT,640.0,C064,740.0,100.0,M064,500.0,1140.0,0,0
65,DEBIT,650.0,C065,750.0,100.0,M065,500.0,1150.0,0,0
66,PAYMENT,660.0,C066,760.0,100.0,M066,500.0,1160.0,0,0
67,TRANSFER,670.0,C067,770.0,100.0,C067D,500.0,1170.0,0,0
68,CASH_OUT,680.0,C068,780.0,100.0,M068,500.0,1180.0,0,0
69,DEBIT,690.0,C069,790.0,100.0,M069,500.0,1190.0,0,0
70,TRANSFER,700.0,C070,800.0,100.0,C070D,500.0,1200.0,1,0
71,CASH_IN,710.0,C071,0.0,710.0,M071,500.0,1210.0,0,0
72,PAYMENT,720.0,C072,820.0,100.0,M072,500.0,1220.0,0,0
73,TRANSFER,730.0,C073,830.0,100.0,C073D,500.0,1230.0,0,0
74,CASH_OUT,740.0,C074,840.0,100.0,M074,500.0,1240.0,0,0
75,DEBIT,750.0,C075,850.0,100.0,M075,500.0,1250.0,0,0
76,PAYMENT,760.0,C076,860.0,100.0,M076,500.0,1260.0,0,0
77,TRANSFER,770.0,C077,870.0,100.0,C077D,500.0,1270.0,0,0
78,CASH_OUT,780.0,C078,880.0,100.0,M078,500.0,1280.0,0,0
79,DEBIT,790.0,C079,890.0,100.0,M079,500.0,1290.0,0,0
80,TRANSFER,800.0,C080,900.0,100.0,C080D,500.0,1300.0,1,0
81,CASH_IN,810.0,C081,0.0,810.0,M081,500.0,1310.0,0,0
82,PAYMENT,820.0,C082,920.0,100.0,M082,500.0,1320.0,0,0
83,TRANSFER,830.0,C083,930.0,100.0,C083D,500.0,1330.0,0,0
84,CASH_OUT,840.0,C084,940.0,100.0,M084,500.0,1340.0,0,0
85,DEBIT,850.0,C085,950.0,100.0,M085,500.0,1350.0,0,0
86,PAYMENT,860.0,C086,960.0,100.0,M086,500.0,1360.0,0,0
87,TRANSFER,870.0,C087,970.0,100.0,C087D,500.0,1370.0,0,0
88,CASH_OUT,880.0,C088,980.0,100.0,M088,500.0,1380.0,0,0
89,DEBIT,890.0,C089,990.0,100.0,M089,500.0,1390.0,0,0
90,TRANSFER,900.0,C090,1000.0,100.0,C090D,500.0,1400.0,1,0
91,CASH_IN,910.0,C091,0.0,910.0,M091,500.0,1410.0,0,0
92,PAYMENT,920.0,C092,1020.0,100.0,M092,500.0,1420.0,0,0
93,TRANSFER,930.0,C093,1030.0,100.0,C093D,500.0,1430.0,0,0
94,CASH_OUT,940.0,C094,1040.0,100.0,M094,500.0,1440.0,0,0
95,DEBIT,950.0,C095,1050.0,100.0,M095,500.0,1450.0,0,0
96,PAYMENT,960.0,C096,1060.0,100.0,M096,500.0,1460.0,0,0
97,TRANSFER,970.0,C097,1070.0,100.0,C097D,500.0,1470.0,0,0
98,CASH_OUT,980.0,C098,1080.0,100.0,M098,500.0,1480.0,0,0
99,DEBIT,990.0,C099,1090.0,100.0,M099,500.0,1490.0,0,0
100,TRANSFER,1000.0,C100,1100.0,100.0,C100D,500.0,1500.0,1,1
